{
  "metadata": {
    "name": "Untitled Scene",
    "version": 1
  },
  "objects": [
    {
      "id": "7247f255-4c24-4c71-9042-5b2e9c7aeaee",
      "name": "Main Camera",
      "active": true,
      "components": {
        "Transform": {
          "position": [
            0.0,
            0.0
          ],
          "rotation": 0.0,
          "scale": [
            2.3827237067636977,
            2.3827237067636977
          ]
        },
        "Camera": {
          "width": 1280,
          "height": 720,
          "zoom": 1.0,
          "is_main": true
        },
        "SpriteRenderer": {
          "sprite_path": "",
          "layer": 0,
          "visible": true,
          "tint": [
            255,
            255,
            255,
            239
          ]
        }
      }
    },
    {
      "id": "c004a5dd-bd95-43a3-8136-9661eb971e58",
      "name": "GameObject",
      "active": true,
      "components": {
        "Transform": {
          "position": [
            128.0,
            -22.666666666666686
          ],
          "rotation": 30.57941426485964,
          "scale": [
            5.099709669473453,
            5.099709669473453
          ]
        },
        "SpriteRenderer": {
          "sprite_path": "",
          "layer": 0,
          "visible": true,
          "tint": [
            167,
            9,
            9,
            255
          ]
        }
      }
    }
  ],
  "prefabs": {}
}